Manufacturer,Model,Weight_pred
Audi,100,3219.4423971734723
Pontiac,Sunbird,2575.0
Chevrolet,Lumina,3194.9999999999995
Mazda,RX-7,3079.7619191685194
Volkswagen,Fox,2240.000000000001
